,movies,year,rating,genre,votes,gross
0,The Shawshank Redemption,1994,9.3,Drama,2225784,28.34
1,The Godfather,1972,9.2,Crime,1533950,134.97
2,The Dark Knight,2008,9.0,Action,2199614,534.86
3,The Godfather: Part II,1974,9.0,Crime,1073641,57.30
4,The Lord of the Rings: The Return of the King,2003,8.9,Adventure,1576679,377.85
5,Pulp Fiction,1994,8.9,Crime,1745824,107.93
6,Schindler's List,1993,8.9,Biography,1158941,96.90
7,12 Angry Men,1957,8.9,Drama,650612,4.36
8,Inception,2010,8.8,Action,1951595,292.58
9,Fight Club,1999,8.8,Drama,1773675,37.03
10,The Lord of the Rings: The Fellowship of the Ring,2001,8.8,Action,1589468,315.54
11,Forrest Gump,1994,8.8,Drama,1716926,330.25
12,"Il buono, il brutto, il cattivo",1966,8.8,Western,658374,6.10
13,The Lord of the Rings: The Two Towers,2002,8.7,Adventure,1424056,342.55
14,The Matrix,1999,8.7,Action,1598982,171.48
15,Goodfellas,1990,8.7,Biography,968701,46.84
16,Star Wars: Episode V - The Empire Strikes Back,1980,8.7,Action,1112450,290.48
17,One Flew Over the Cuckoo's Nest,1975,8.7,Drama,874988,112.00
18,Seppuku,1962,8.7,Action,32845,NA
19,Gisaengchung,2019,8.6,Comedy,378404,53.37
20,Interstellar,2014,8.6,Adventure,1402587,188.02
21,Cidade de Deus,2002,8.6,Crime,674779,7.56
22,Sen to Chihiro no kamikakushi,2001,8.6,Animation,605056,10.06
23,Saving Private Ryan,1998,8.6,Drama,1178778,216.54
24,The Green Mile,1999,8.6,Crime,1086003,136.80
25,La vita è bella,1997,8.6,Comedy,591547,57.60
26,Se7en,1995,8.6,Crime,1370594,100.13
27,The Silence of the Lambs,1991,8.6,Crime,1206397,130.74
28,Star Wars,1977,8.6,Action,1184425,322.74
29,Shichinin no samurai,1954,8.6,Action,300896,0.27
30,It's a Wonderful Life,1946,8.6,Drama,380750,NA
31,Joker,2019,8.5,Crime,763423,335.45
32,Ayla: The Daughter of War,2017,8.5,Biography,30567,NA
33,Avengers: Infinity War,2018,8.5,Action,765913,678.82
34,Whiplash,2014,8.5,Drama,670393,13.09
35,The Intouchables,2011,8.5,Biography,721478,13.18
36,The Prestige,2006,8.5,Drama,1128387,53.09
37,The Departed,2006,8.5,Crime,1136093,132.38
38,The Pianist,2002,8.5,Biography,690071,32.57
39,Gladiator,2000,8.5,Action,1282132,187.71
40,American History X,1998,8.5,Drama,997448,6.72
41,The Usual Suspects,1995,8.5,Crime,950911,23.34
42,Léon,1994,8.5,Action,986074,19.50
43,The Lion King,1994,8.5,Animation,898914,422.78
44,Terminator 2: Judgment Day,1991,8.5,Action,958583,204.84
45,Nuovo Cinema Paradiso,1988,8.5,Drama,215935,11.99
46,Hotaru no haka,1988,8.5,Animation,216573,NA
47,Back to the Future,1985,8.5,Adventure,994559,210.61
48,Once Upon a Time in the West,1968,8.5,Western,287917,5.32
49,Tengoku to jigoku,1963,8.5,Crime,28025,NA
50,Psycho,1960,8.5,Horror,571568,32.00
51,Casablanca,1942,8.5,Drama,500034,1.02
52,Modern Times,1936,8.5,Comedy,205323,0.16
53,City Lights,1931,8.5,Comedy,157972,0.02
54,Capharnaüm,2018,8.4,Drama,44270,1.66
55,Kimi no na wa.,2016,8.4,Animation,165266,5.02
56,Dangal,2016,8.4,Action,140042,12.39
57,Spider-Man: Into the Spider-Verse,2018,8.4,Animation,311478,190.24
58,Avengers: Endgame,2019,8.4,Action,702615,858.37
59,Drishyam,2013,8.4,Crime,28810,NA
60,Coco,2017,8.4,Animation,333305,209.73
61,Django Unchained,2012,8.4,Drama,1287236,162.81
62,The Dark Knight Rises,2012,8.4,Action,1455184,448.14
63,3 Idiots,2009,8.4,Comedy,322042,6.53
64,Taare Zameen Par,2007,8.4,Drama,155273,1.22
65,WALL·E,2008,8.4,Animation,956733,223.81
66,The Lives of Others,2006,8.4,Drama,342008,11.29
67,Oldeuboi,2003,8.4,Action,488985,0.71
68,Memento,2000,8.4,Mystery,1077936,25.54
69,Mononoke-hime,1997,8.4,Animation,319021,2.38
70,Once Upon a Time in America,1984,8.4,Crime,295088,5.32
71,Raiders of the Lost Ark,1981,8.4,Action,849928,248.16
72,The Shining,1980,8.4,Drama,847509,44.02
73,Apocalypse Now,1979,8.4,Drama,578582,83.47
74,Alien,1979,8.4,Horror,752752,78.90
75,Dr. Strangelove or: How I Learned to Stop Worrying and Love the Bomb,1964,8.4,Comedy,433269,0.28
76,Witness for the Prosecution,1957,8.4,Crime,100631,8.18
77,Paths of Glory,1957,8.4,Drama,167529,NA
78,Rear Window,1954,8.4,Mystery,422470,36.76
79,Sunset Blvd.,1950,8.4,Drama,190570,NA
80,The Great Dictator,1940,8.4,Comedy,192431,NA
81,1917,2019,8.3,Drama,287191,159.23
82,Uri: The Surgical Strike,2019,8.3,Action,38616,4.19
83,Andhadhun,2018,8.3,Crime,59322,1.37
84,Jagten,2012,8.3,Drama,261286,0.69
85,Jodaeiye Nader az Simin,2011,8.3,Drama,209411,7.10
86,Incendies,2010,8.3,Drama,136208,6.86
87,Babam ve Oglum,2005,8.3,Drama,73812,NA
88,Toy Story 3,2010,8.3,Animation,726803,415.00
89,Inglourious Basterds,2009,8.3,Adventure,1201165,120.54
90,Eternal Sunshine of the Spotless Mind,2004,8.3,Drama,870475,34.40
91,Amélie,2001,8.3,Comedy,679931,33.23
92,Snatch,2000,8.3,Comedy,753459,30.33
93,Requiem for a Dream,2000,8.3,Drama,734982,3.64
94,American Beauty,1999,8.3,Drama,1032919,130.10
95,Good Will Hunting,1997,8.3,Drama,817750,138.43
96,Bacheha-Ye aseman,1997,8.3,Drama,59632,0.93
97,Eskiya,1996,8.3,Crime,59867,NA
98,Toy Story,1995,8.3,Animation,847815,191.80
99,Braveheart,1995,8.3,Biography,928375,75.60
100,Reservoir Dogs,1992,8.3,Crime,879004,2.83
101,Full Metal Jacket,1987,8.3,Drama,644603,46.36
102,Idi i smotri,1985,8.3,Drama,49718,NA
103,Aliens,1986,8.3,Action,628249,85.16
104,Amadeus,1984,8.3,Biography,354315,51.97
105,Scarface,1983,8.3,Crime,704730,45.60
106,Star Wars: Episode VI - Return of the Jedi,1983,8.3,Action,912073,309.13
107,Das Boot,1981,8.3,Adventure,221477,11.49
108,Taxi Driver,1976,8.3,Crime,685837,28.26
109,The Sting,1973,8.3,Comedy,231571,159.60
110,A Clockwork Orange,1971,8.3,Crime,726389,NA
111,2001: A Space Odyssey,1968,8.3,Adventure,574620,56.95
112,Per qualche dollaro in più,1965,8.3,Western,220077,15.00
113,Lawrence of Arabia,1962,8.3,Adventure,255659,44.82
114,The Apartment,1960,8.3,Comedy,154438,18.60
115,North by Northwest,1959,8.3,Adventure,285446,13.28
116,Vertigo,1958,8.3,Mystery,341909,3.20
117,Singin' in the Rain,1952,8.3,Comedy,208293,8.82
118,Ikiru,1952,8.3,Drama,62954,0.06
119,Ladri di biciclette,1948,8.3,Drama,136989,0.33
120,Double Indemnity,1944,8.3,Crime,135941,5.72
121,Citizen Kane,1941,8.3,Drama,381159,1.59
122,M - Eine Stadt sucht einen Mörder,1931,8.3,Crime,135770,0.03
123,Metropolis,1927,8.3,Drama,152619,1.24
124,The Kid,1921,8.3,Comedy,105521,5.45
125,Portrait de la jeune fille en feu,2019,8.2,Drama,32548,NA
126,K.G.F: Chapter 1,2018,8.2,Action,29357,NA
127,Green Book,2018,8.2,Biography,314278,85.08
128,Koe no katachi,2016,8.2,Animation,35790,NA
129,"Three Billboards Outside Ebbing, Missouri",2017,8.2,Comedy,394171,54.51
130,Talvar,2015,8.2,Crime,27936,0.34
131,Baahubali 2: The Conclusion,2017,8.2,Action,70318,20.19
132,Klaus,2019,8.2,Animation,66137,NA
133,Drishyam,2015,8.2,Crime,61895,0.74
134,Queen,2013,8.2,Adventure,57733,1.43
135,Mandariinid,2013,8.2,Drama,35855,0.14
136,Kis Uykusu,2014,8.2,Drama,41592,0.17
137,Gully Boy,2019,8.2,Drama,26367,5.57
138,Bhaag milkha bhaag,2013,8.2,Biography,57717,1.63
139,Inside Out,2015,8.2,Animation,577562,356.46
140,Gangs of Wasseypur,2012,8.2,Action,74647,NA
141,Paan Singh Tomar,2012,8.2,Action,30608,0.04
142,El secreto de sus ojos,2009,8.2,Drama,183030,6.39
143,Warrior,2011,8.2,Drama,420335,13.66
144,Up,2009,8.2,Animation,894319,293.00
145,The Wolf of Wall Street,2013,8.2,Biography,1108661,116.90
146,Chak De! India,2007,8.2,Drama,70116,1.11
147,There Will Be Blood,2007,8.2,Drama,490700,40.22
148,Pan's Labyrinth,2006,8.2,Drama,596931,37.63
149,V for Vendetta,2005,8.2,Action,991819,70.51
150,Rang De Basanti,2006,8.2,Comedy,105917,2.20
151,Black,2005,8.2,Drama,32261,0.73
152,Batman Begins,2005,8.2,Action,1255272,206.85
153,"Swades: We, the People",2004,8.2,Drama,78703,1.22
154,Der Untergang,2004,8.2,Biography,318937,5.51
155,Hauru no ugoku shiro,2004,8.2,Animation,305282,4.71
156,A Beautiful Mind,2001,8.2,Biography,812112,170.74
157,Hera Pheri,2000,8.2,Action,52075,NA
158,"Lock, Stock and Two Smoking Barrels",1998,8.2,Comedy,515338,3.90
159,L.A. Confidential,1997,8.2,Crime,513174,64.62
160,Heat,1995,8.2,Crime,550534,67.44
161,Casino,1995,8.2,Crime,440962,42.44
162,Andaz Apna Apna,1994,8.2,Action,47289,NA
163,Unforgiven,1992,8.2,Drama,359163,101.16
164,Indiana Jones and the Last Crusade,1989,8.2,Action,664803,197.17
165,Tonari no Totoro,1988,8.2,Animation,265964,1.11
166,Die Hard,1988,8.2,Action,755926,83.01
167,Ran,1985,8.2,Action,105400,3.52
168,Raging Bull,1980,8.2,Biography,306905,23.38
169,Stalker,1979,8.2,Drama,107452,0.23
170,The Message,1976,8.2,Biography,41842,NA
171,Sholay,1975,8.2,Action,49087,NA
172,Monty Python and the Holy Grail,1975,8.2,Adventure,483315,1.23
173,Chinatown,1974,8.2,Drama,280192,29.20
174,Andrei Rublev,1966,8.2,Biography,42945,0.10
175,The Great Escape,1963,8.2,Adventure,214987,12.10
176,To Kill a Mockingbird,1962,8.2,Crime,284097,NA
177,Yôjinbô,1961,8.2,Action,104309,NA
178,Judgment at Nuremberg,1961,8.2,Drama,65583,NA
179,Some Like It Hot,1959,8.2,Comedy,232952,25.00
180,Smultronstället,1957,8.2,Drama,89920,NA
181,Det sjunde inseglet,1957,8.2,Drama,154179,NA
182,Dial M for Murder,1954,8.2,Crime,148973,0.01
183,Tôkyô monogatari,1953,8.2,Drama,48087,NA
184,Rashômon,1950,8.2,Crime,144005,0.10
185,All About Eve,1950,8.2,Drama,114988,0.01
186,The Treasure of the Sierra Madre,1948,8.2,Adventure,108837,5.01
187,The Gold Rush,1925,8.2,Adventure,94691,5.45
188,Sherlock Jr.,1924,8.2,Action,37483,0.98
189,Pink,2016,8.1,Drama,35686,1.24
190,Contratiempo,2016,8.1,Crime,113403,NA
191,Ah-ga-ssi,2016,8.1,Drama,97000,2.01
192,Mommy,2014,8.1,Drama,46793,3.49
193,Haider,2014,8.1,Action,47902,0.90
194,Logan,2017,8.1,Action,610763,226.28
195,Room,2015,8.1,Drama,345055,14.68
196,Relatos salvajes,2014,8.1,Comedy,164243,3.11
197,Bãhubali: The Beginning,2015,8.1,Action,97781,6.74
198,PK,2014,8.1,Comedy,151180,10.62
199,OMG: Oh My God!,2012,8.1,Comedy,47881,0.92
200,The Grand Budapest Hotel,2014,8.1,Adventure,671836,59.10
201,Gone Girl,2014,8.1,Drama,812246,167.77
202,Ookami kodomo no Ame to Yuki,2012,8.1,Animation,35556,NA
203,Hacksaw Ridge,2016,8.1,Biography,404015,67.21
204,Barfi!,2012,8.1,Comedy,72154,2.80
205,12 Years a Slave,2013,8.1,Biography,610905,56.67
206,Rush,2013,8.1,Biography,414103,26.95
207,Ford v. Ferrari,2019,8.1,Action,202747,117.62
208,Spotlight,2015,8.1,Biography,394595,45.06
209,Song of the Sea,2014,8.1,Animation,47639,0.86
210,Kahaani,2012,8.1,Mystery,54684,1.04
211,Udaan,2010,8.1,Drama,40457,0.01
212,Zindagi Na Milegi Dobara,2011,8.1,Comedy,63171,3.11
213,The Help,2011,8.1,Drama,409592,169.71
214,Prisoners,2013,8.1,Crime,564764,61.00
215,Mad Max: Fury Road,2015,8.1,Action,833632,154.06
216,A Wednesday,2008,8.1,Crime,71021,NA
217,Gran Torino,2008,8.1,Drama,696578,148.10
218,Harry Potter and the Deathly Hallows: Part 2,2011,8.1,Adventure,728151,381.01
219,Shutter Island,2010,8.1,Mystery,1070139,128.01
220,Okuribito,2008,8.1,Drama,46760,1.50
221,Hachi: A Dog's Tale,2009,8.1,Drama,239293,NA
222,Mary and Max,2009,8.1,Animation,157971,NA
223,How to Train Your Dragon,2010,8.1,Animation,640457,217.58
224,Tropa de Elite,2007,8.1,Action,95143,0.01
225,Into the Wild,2007,8.1,Adventure,548450,18.35
226,No Country for Old Men,2007,8.1,Crime,810946,74.28
227,Lage Raho Munna Bhai,2006,8.1,Comedy,40735,2.22
228,Million Dollar Baby,2004,8.1,Drama,612068,100.49
229,Hotel Rwanda,2004,8.1,Biography,324587,23.53
230,Taegukgi hwinalrimyeo,2004,8.1,Action,36842,1.11
231,Munna Bhai M.B.B.S.,2003,8.1,Comedy,69520,NA
232,Salinui chueok,2003,8.1,Action,120226,0.01
233,Dil Chahta Hai,2001,8.1,Comedy,63834,0.30
234,Kill Bill: Vol. 1,2003,8.1,Action,958706,70.10
235,Finding Nemo,2003,8.1,Animation,912564,380.84
236,Catch Me If You Can,2002,8.1,Biography,776919,164.62
237,Amores perros,2000,8.1,Drama,215198,5.38
238,"Shin seiki Evangelion Gekijô-ban: Air/Magokoro wo, kimi ni",1997,8.1,Animation,34071,NA
239,Lagaan: Once Upon a Time in India,2001,8.1,Adventure,99372,0.07
240,The Sixth Sense,1999,8.1,Drama,880107,293.51
241,La leggenda del pianista sull'oceano,1998,8.1,Drama,56128,0.26
242,The Truman Show,1998,8.1,Comedy,887426,125.62
243,"Crna macka, beli macor",1998,8.1,Comedy,48997,0.35
244,The Big Lebowski,1998,8.1,Comedy,697312,17.50
245,Faa yeung nin wa,2000,8.1,Drama,114954,2.73
246,Trainspotting,1996,8.1,Drama,614241,16.50
247,Fargo,1996,8.1,Crime,589489,24.61
248,Underground,1995,8.1,Comedy,53227,0.17
249,La haine,1995,8.1,Crime,139625,0.31
250,Dilwale Dulhania Le Jayenge,1995,8.1,Drama,60484,NA
251,Before Sunrise,1995,8.1,Drama,254171,5.54
252,Trois couleurs: Rouge,1994,8.1,Drama,84835,4.04
253,Chung Hing sam lam,1994,8.1,Comedy,57614,0.60
254,Jurassic Park,1993,8.1,Action,825017,402.45
255,In the Name of the Father,1993,8.1,Biography,148955,25.01
256,Da hong deng long gao gao gua,1991,8.1,Drama,27829,2.60
257,Dead Poets Society,1989,8.1,Comedy,399440,95.86
258,The Princess Bride,1987,8.1,Adventure,376711,30.86
259,Stand by Me,1986,8.1,Adventure,348622,52.29
260,Platoon,1986,8.1,Drama,367228,138.53
261,"Paris, Texas",1984,8.1,Drama,82232,2.18
262,Kaze no tani no Naushika,1984,8.1,Animation,139035,0.50
263,The Thing,1982,8.1,Horror,351768,13.78
264,Fitzcarraldo,1982,8.1,Adventure,29399,NA
265,Fanny och Alexander,1982,8.1,Drama,54561,4.97
266,Blade Runner,1982,8.1,Action,664400,32.87
267,The Elephant Man,1980,8.1,Biography,209653,NA
268,Life of Brian,1979,8.1,Comedy,352431,20.05
269,The Deer Hunter,1978,8.1,Drama,298342,48.98
270,Rocky,1976,8.1,Drama,497015,117.24
271,Network,1976,8.1,Drama,138586,NA
272,Barry Lyndon,1975,8.1,Adventure,141176,NA
273,Zerkalo,1975,8.1,Biography,36348,0.18
274,Viskningar och rop,1972,8.1,Drama,28069,NA
275,Solaris,1972,8.1,Drama,75527,NA
276,Le samouraï,1967,8.1,Crime,42447,0.04
277,Cool Hand Luke,1967,8.1,Crime,155395,16.22
278,Persona,1966,8.1,Drama,94811,NA
279,La battaglia di Algeri,1966,8.1,Drama,49653,0.06
280,El ángel exterminador,1962,8.1,Drama,27769,NA
281,What Ever Happened to Baby Jane?,1962,8.1,Drama,47668,4.05
282,Sanjuro,1962,8.1,Action,30198,NA
283,The Man Who Shot Liberty Valance,1962,8.1,Drama,65763,NA
284,Ivanovo detstvo,1962,8.1,Drama,28923,NA
285,Jungfrukällan,1960,8.1,Drama,25178,1.53
286,Inherit the Wind,1960,8.1,Biography,26031,NA
287,Les quatre cents coups,1959,8.1,Crime,98580,NA
288,Ben-Hur,1959,8.1,Adventure,211028,74.70
289,Kakushi-toride no san-akunin,1958,8.1,Adventure,31906,NA
290,Sweet Smell of Success,1957,8.1,Drama,26261,NA
291,Le notti di Cabiria,1957,8.1,Drama,40828,0.75
292,Kumonosu-jô,1957,8.1,Drama,42789,NA
293,The Bridge on the River Kwai,1957,8.1,Adventure,194796,44.91
294,On the Waterfront,1954,8.1,Crime,135206,9.60
295,Le salaire de la peur,1953,8.1,Adventure,51348,NA
296,Ace in the Hole,1951,8.1,Drama,28853,3.97
297,White Heat,1949,8.1,Action,28147,NA
298,The Third Man,1949,8.1,Film-Noir,152096,0.45
299,The Red Shoes,1948,8.1,Drama,28623,10.90
300,The Shop Around the Corner,1940,8.1,Comedy,26107,0.20
301,Rebecca,1940,8.1,Drama,116491,4.36
302,Mr. Smith Goes to Washington,1939,8.1,Comedy,102467,9.60
303,Gone with the Wind,1939,8.1,Drama,276757,198.68
304,La Grande Illusion,1937,8.1,Drama,32405,0.17
305,It Happened One Night,1934,8.1,Comedy,89158,4.36
306,La passion de Jeanne d'Arc,1928,8.1,Biography,44072,0.02
307,Sunrise: A Song of Two Humans,1927,8.1,Drama,45266,0.54
308,The General,1926,8.1,Action,76385,1.03
309,Das Cabinet des Dr. Caligari,1920,8.1,Fantasy,53978,NA
310,The Gentlemen,2019,8.0,Action,112932,NA
311,Shoplifters,2018,8.0,Crime,50612,3.31
312,Marriage Story,2019,8.0,Comedy,205654,NA
313,Airlift,2016,8.0,Drama,50669,NA
314,Bajrangi Bhaijaan,2015,8.0,Action,67890,8.18
315,Baby,2015,8.0,Action,50539,NA
316,La La Land,2016,8.0,Comedy,473628,151.10
317,Lion,2016,8.0,Biography,199514,51.74
318,The Martian,2015,8.0,Adventure,724551,228.43
319,Zootopia,2016,8.0,Animation,410972,341.27
320,Kaguyahime no monogatari,2013,8.0,Animation,33656,1.51
321,Wonder,2017,8.0,Drama,127783,132.42
322,Special Chabbis,2013,8.0,Crime,48039,1.08
323,Short Term 12,2013,8.0,Drama,77586,1.01
324,Serbuan maut 2: Berandal,2014,8.0,Action,109537,2.63
325,The Imitation Game,2014,8.0,Biography,653152,91.13
326,Guardians of the Galaxy,2014,8.0,Action,1007697,333.18
327,X-Men: Days of Future Past,2014,8.0,Action,642756,233.92
328,Blade Runner 2049,2017,8.0,Action,425469,92.05
329,Her,2013,8.0,Drama,509016,25.57
330,Bohemian Rhapsody,2018,8.0,Biography,419516,216.43
331,The Revenant,2015,8.0,Action,668976,183.64
332,The Perks of Being a Wallflower,2012,8.0,Drama,441801,17.74
333,Tropa de Elite 2: O Inimigo Agora é Outro,2010,8.0,Action,77175,0.10
334,The King's Speech,2010,8.0,Biography,619007,138.80
335,Deadpool,2016,8.0,Action,867827,363.07
336,Darbareye Elly,2009,8.0,Drama,41727,0.11
337,Dev.D,2009,8.0,Drama,27374,0.01
338,Yip Man,2008,8.0,Action,204320,NA
339,My Name Is Khan,2010,8.0,Drama,94758,4.02
340,Nefes: Vatan Sagolsun,2009,8.0,Action,30702,NA
341,Slumdog Millionaire,2008,8.0,Drama,774804,141.32
342,Black Swan,2010,8.0,Drama,676119,106.95
343,The Avengers,2012,8.0,Action,1226949,623.28
344,Persepolis,2007,8.0,Animation,85507,4.45
345,Dallas Buyers Club,2013,8.0,Biography,421974,27.30
346,The Pursuit of Happyness,2006,8.0,Biography,427347,163.57
347,Blood Diamond,2006,8.0,Adventure,481414,57.37
348,The Bourne Ultimatum,2007,8.0,Action,592157,227.47
349,Bin-jip,2004,8.0,Crime,47301,0.24
350,Sin City,2005,8.0,Crime,728447,74.10
351,Le scaphandre et le papillon,2007,8.0,Biography,100848,5.99
352,G.O.R.A.,2004,8.0,Adventure,53501,NA
353,Ratatouille,2007,8.0,Animation,612979,206.45
354,Before Sunset,2004,8.0,Drama,221947,5.82
355,Casino Royale,2006,8.0,Action,561943,167.45
356,Kill Bill: Vol. 2,2004,8.0,Action,655339,66.21
357,Vozvrashchenie,2003,8.0,Drama,40350,0.50
358,Bom yeoreum gaeul gyeoul geurigo bom,2003,8.0,Drama,74191,2.38
359,Mar adentro,2004,8.0,Biography,75235,2.09
360,Cinderella Man,2005,8.0,Biography,171325,61.65
361,Kal ho naa ho,2003,8.0,Comedy,60393,1.79
362,Mou gaan dou,2002,8.0,Crime,114933,0.17
363,Pirates of the Caribbean: The Curse of the Black Pearl,2003,8.0,Action,990680,305.41
364,Big Fish,2003,8.0,Adventure,402624,66.26
365,The Incredibles,2004,8.0,Animation,632992,261.44
366,Yeopgijeogin geunyeo,2001,8.0,Comedy,43853,NA
367,Dogville,2003,8.0,Crime,132376,1.53
368,Vizontele,2001,8.0,Comedy,31138,NA
369,Donnie Darko,2001,8.0,Drama,719492,1.48
370,"Monsters, Inc.",2001,8.0,Animation,781327,289.92
371,Magnolia,1999,8.0,Drama,280233,22.46
372,Dancer in the Dark,2000,8.0,Crime,98170,4.18
373,Mulholland Dr.,2001,8.0,Drama,305098,7.22
374,The Straight Story,1999,8.0,Biography,78145,6.20
375,Pâfekuto burû,1997,8.0,Animation,50474,0.78
376,Festen,1998,8.0,Drama,75449,1.65
377,Central do Brasil,1998,8.0,Drama,34432,5.60
378,The Iron Giant,1999,8.0,Animation,165108,23.16
379,Knockin' on Heaven's Door,1997,8.0,Action,26409,0.00
380,Sling Blade,1996,8.0,Drama,84659,24.48
381,Secrets & Lies,1996,8.0,Comedy,35302,13.42
382,Twelve Monkeys,1995,8.0,Mystery,560233,57.14
383,Kôkaku Kidôtai,1995,8.0,Animation,122481,0.52
384,The Nightmare Before Christmas,1993,8.0,Animation,281140,75.08
385,Groundhog Day,1993,8.0,Comedy,561302,70.91
386,Bound by Honor,1993,8.0,Crime,27756,4.50
387,Scent of a Woman,1992,8.0,Drama,246049,63.90
388,Aladdin,1992,8.0,Animation,354135,217.35
389,JFK,1991,8.0,Drama,135915,70.41
390,Beauty and the Beast,1991,8.0,Animation,405449,218.97
391,Dances with Wolves,1990,8.0,Adventure,230931,184.21
392,Rain Man,1988,8.0,Drama,458131,178.80
393,Akira,1988,8.0,Animation,154433,0.55
394,Der Himmel über Berlin,1987,8.0,Drama,61332,3.33
395,Au revoir les enfants,1987,8.0,Drama,29522,4.54
396,Tenkû no shiro Rapyuta,1986,8.0,Animation,140364,NA
397,The Terminator,1984,8.0,Action,770965,38.40
398,A Christmas Story,1983,8.0,Comedy,126972,20.61
399,Pink Floyd: The Wall,1982,8.0,Animation,73391,22.24
400,Gandhi,1982,8.0,Biography,212727,52.77
401,Kagemusha,1980,8.0,Drama,30327,NA
402,Being There,1979,8.0,Comedy,62980,30.18
403,Annie Hall,1977,8.0,Comedy,244701,39.20
404,All the President's Men,1976,8.0,Biography,97603,70.60
405,Jaws,1975,8.0,Adventure,526749,260.00
406,Dog Day Afternoon,1975,8.0,Biography,226660,50.00
407,Young Frankenstein,1974,8.0,Comedy,138136,86.30
408,Papillon,1973,8.0,Biography,117393,53.27
409,Paper Moon,1973,8.0,Comedy,40115,30.93
410,The Exorcist,1973,8.0,Horror,348814,232.91
411,Sleuth,1972,8.0,Mystery,43387,NA
412,The Last Picture Show,1971,8.0,Drama,39989,29.13
413,Fiddler on the Roof,1971,8.0,Drama,37231,80.50
414,Il conformista,1970,8.0,Drama,25146,0.54
415,Butch Cassidy and the Sundance Kid,1969,8.0,Biography,196082,102.31
416,Rosemary's Baby,1968,8.0,Drama,182476,NA
417,Planet of the Apes,1968,8.0,Adventure,160672,33.40
418,The Graduate,1967,8.0,Comedy,246271,104.95
419,Who's Afraid of Virginia Woolf?,1966,8.0,Drama,66609,NA
420,The Sound of Music,1965,8.0,Biography,194886,163.21
421,Doctor Zhivago,1965,8.0,Drama,67066,111.72
422,Per un pugno di dollari,1964,8.0,Action,187643,14.50
423,8½,1963,8.0,Drama,103944,0.05
424,Vivre sa vie: Film en douze tableaux,1962,8.0,Drama,25545,NA
425,The Hustler,1961,8.0,Drama,72920,NA
426,La dolce vita,1960,8.0,Comedy,62715,19.52
427,Rio Bravo,1959,8.0,Action,53479,12.54
428,Anatomy of a Murder,1959,8.0,Crime,56679,11.90
429,Touch of Evil,1958,8.0,Crime,95503,2.24
430,Cat on a Hot Tin Roof,1958,8.0,Drama,42855,17.57
431,The Killing,1956,8.0,Crime,77692,NA
432,The Night of the Hunter,1955,8.0,Crime,78357,0.65
433,La Strada,1954,8.0,Drama,55588,NA
434,Les diaboliques,1955,8.0,Crime,59265,NA
435,Stalag 17,1953,8.0,Comedy,49542,NA
436,Roman Holiday,1953,8.0,Comedy,122264,NA
437,A Streetcar Named Desire,1951,8.0,Drama,95311,8.00
438,Strangers on a Train,1951,8.0,Crime,118708,7.63
439,Kind Hearts and Coronets,1949,8.0,Comedy,33215,NA
440,Rope,1948,8.0,Crime,122271,NA
441,Out of the Past,1947,8.0,Crime,30887,NA
442,Brief Encounter,1945,8.0,Drama,33528,NA
443,Laura,1944,8.0,Drama,40680,4.36
444,The Best Years of Our Lives,1946,8.0,Drama,55302,23.65
445,Arsenic and Old Lace,1944,8.0,Comedy,63357,NA
446,The Maltese Falcon,1941,8.0,Film-Noir,144794,2.11
447,The Grapes of Wrath,1940,8.0,Drama,83566,0.06
448,The Wizard of Oz,1939,8.0,Adventure,362651,2.08
449,La règle du jeu,1939,8.0,Comedy,25453,NA
450,The Thin Man,1934,8.0,Comedy,25254,NA
451,All Quiet on the Western Front,1930,8.0,Drama,55428,3.27
452,Bronenosets Potemkin,1925,8.0,Drama,50640,0.05
453,Knives Out,2019,7.9,Comedy,280628,165.36
454,Call Me by Your Name,2017,7.9,Drama,186658,18.10
455,"I, Daniel Blake",2016,7.9,Drama,49227,0.26
456,Isle of Dogs,2018,7.9,Animation,126770,32.02
457,Dunkirk,2017,7.9,Action,512331,188.37
458,Hunt for the Wilderpeople,2016,7.9,Adventure,99454,5.20
459,Captain Fantastic,2016,7.9,Comedy,174981,5.88
460,Sing Street,2016,7.9,Comedy,80433,3.24
461,Thor: Ragnarok,2017,7.9,Action,545336,315.06
462,Little Women,2019,7.9,Drama,95539,108.10
463,Nightcrawler,2014,7.9,Crime,436084,32.38
464,Jojo Rabbit,2019,7.9,Comedy,198652,0.35
465,Arrival,2016,7.9,Drama,559475,100.55
466,Star Wars: The Force Awakens,2015,7.9,Action,833634,936.66
467,Before Midnight,2013,7.9,Drama,131866,8.11
468,Bir Zamanlar Anadolu'da,2011,7.9,Crime,38188,0.14
469,The Artist,2011,7.9,Comedy,223910,44.67
470,Edge of Tomorrow,2014,7.9,Action,575069,100.21
471,Amour,2012,7.9,Drama,89243,6.74
472,Straight Outta Compton,2015,7.9,Biography,172836,161.20
473,The Irishman,2019,7.9,Biography,279790,NA
474,Un prophète,2009,7.9,Crime,90672,2.08
475,Chugyeogja,2008,7.9,Action,54100,NA
476,Moon,2009,7.9,Drama,324254,5.01
477,Låt den rätte komma in,2008,7.9,Drama,200365,2.12
478,District 9,2009,7.9,Action,623094,115.65
479,The Wrestler,2008,7.9,Drama,283517,26.24
480,Jab We Met,2007,7.9,Comedy,44896,0.41
481,Boyhood,2014,7.9,Drama,326287,25.38
482,"4 luni, 3 saptamâni si 2 zile",2007,7.9,Drama,54422,1.19
483,Star Trek,2009,7.9,Action,567360,257.73
484,In Bruges,2008,7.9,Comedy,377731,7.76
485,The Man from Earth,2007,7.9,Drama,167214,NA
486,Letters from Iwo Jima,2006,7.9,Action,150253,13.76
487,The Fall,2006,7.9,Adventure,104450,2.28
488,Life of Pi,2012,7.9,Adventure,560304,124.99
489,Fantastic Mr. Fox,2009,7.9,Animation,187533,21.00
490,C.R.A.Z.Y.,2005,7.9,Comedy,30801,NA
491,Les choristes,2004,7.9,Drama,55109,3.64
492,Iron Man,2008,7.9,Action,906876,318.41
493,Shaun of the Dead,2004,7.9,Comedy,494234,13.54
494,Gegen die Wand,2004,7.9,Drama,49035,NA
495,Mystic River,2003,7.9,Crime,404472,90.14
496,Harry Potter and the Prisoner of Azkaban,2004,7.9,Adventure,520272,249.36
497,Ying xiong,2002,7.9,Action,170263,53.71
498,Hable con ella,2002,7.9,Drama,101082,9.28
499,No Man's Land,2001,7.9,Comedy,43346,1.06
500,Cowboy Bebop: Tengoku no tobira,2001,7.9,Animation,41126,1.00
501,The Bourne Identity,2002,7.9,Action,491789,121.66
502,Nueve reinas,2000,7.9,Crime,47815,1.22
503,Children of Men,2006,7.9,Drama,446349,35.55
504,Almost Famous,2000,7.9,Adventure,243045,32.53
505,Toy Story 2,1999,7.9,Animation,505427,245.85
506,Boogie Nights,1997,7.9,Drama,229256,26.40
507,Breaking the Waves,1996,7.9,Drama,59967,4.04
508,Mimi wo sumaseba,1995,7.9,Animation,45133,NA
509,Once Were Warriors,1994,7.9,Crime,30420,2.20
510,True Romance,1993,7.9,Crime,198243,12.28
511,Trois couleurs: Bleu,1993,7.9,Drama,83425,1.32
512,Jûbê ninpûchô,1993,7.9,Animation,33154,NA
513,Carlito's Way,1993,7.9,Crime,192849,36.95
514,Edward Scissorhands,1990,7.9,Drama,430954,56.36
515,My Left Foot: The Story of Christy Brown,1989,7.9,Biography,64476,14.74
516,Do the Right Thing,1989,7.9,Comedy,80381,27.55
517,Crimes and Misdemeanors,1989,7.9,Comedy,52573,18.25
518,The Untouchables,1987,7.9,Crime,267468,76.27
519,Hannah and Her Sisters,1986,7.9,Comedy,64437,40.08
520,The Breakfast Club,1985,7.9,Comedy,335476,45.88
521,Brazil,1985,7.9,Drama,181516,9.93
522,This Is Spinal Tap,1984,7.9,Comedy,124521,0.19
523,The Blues Brothers,1980,7.9,Adventure,174707,57.23
524,Manhattan,1979,7.9,Comedy,126829,45.70
525,All That Jazz,1979,7.9,Drama,26244,37.82
526,Days of Heaven,1978,7.9,Drama,49275,NA
527,Dawn of the Dead,1978,7.9,Horror,107533,5.10
528,The Outlaw Josey Wales,1976,7.9,Western,62820,31.80
529,La montaña sagrada,1973,7.9,Adventure,34216,0.06
530,Amarcord,1973,7.9,Comedy,37770,NA
531,Le charme discret de la bourgeoisie,1972,7.9,Comedy,35927,0.20
532,"Aguirre, der Zorn Gottes",1972,7.9,Action,49525,NA
533,Harold and Maude,1971,7.9,Comedy,68167,NA
534,Patton,1970,7.9,Biography,91107,61.70
535,The Wild Bunch,1969,7.9,Action,74801,12.06
536,Night of the Living Dead,1968,7.9,Horror,110885,0.09
537,The Lion in Winter,1968,7.9,Biography,27982,22.28
538,In the Heat of the Night,1967,7.9,Crime,64066,24.38
539,Charade,1963,7.9,Comedy,64061,13.47
540,The Manchurian Candidate,1962,7.9,Drama,69365,NA
541,Spartacus,1960,7.9,Adventure,119323,30.00
542,À bout de souffle,1960,7.9,Crime,69019,0.34
543,Hiroshima mon amour,1959,7.9,Drama,26543,0.09
544,The Searchers,1956,7.9,Adventure,76660,NA
545,East of Eden,1955,7.9,Drama,38564,NA
546,High Noon,1952,7.9,Drama,94002,9.45
547,Harvey,1950,7.9,Comedy,51361,NA
548,Miracle on 34th Street,1947,7.9,Comedy,38671,2.65
549,Notorious,1946,7.9,Drama,88554,10.46
550,The Big Sleep,1946,7.9,Crime,76304,6.54
551,The Lost Weekend,1945,7.9,Drama,32073,9.46
552,The Philadelphia Story,1940,7.9,Comedy,60847,NA
553,His Girl Friday,1940,7.9,Comedy,50936,0.30
554,Stagecoach,1939,7.9,Adventure,40838,NA
555,Bringing Up Baby,1938,7.9,Comedy,52855,NA
556,The Adventures of Robin Hood,1938,7.9,Action,45498,3.98
557,A Night at the Opera,1935,7.9,Comedy,29546,NA
558,King Kong,1933,7.9,Adventure,76303,10.00
559,Freaks,1932,7.9,Drama,40295,NA
560,Nosferatu,1922,7.9,Fantasy,84906,NA
561,The Salesman,2016,7.8,Drama,46463,2.40
562,Perfetti sconosciuti,2016,7.8,Comedy,52000,NA
563,Hidden Figures,2016,7.8,Biography,186633,169.61
564,Paddington 2,2017,7.8,Adventure,55366,40.44
565,Udta Punjab,2016,7.8,Action,25021,NA
566,Kubo and the Two Strings,2016,7.8,Animation,112576,48.02
567,Manchester by the Sea,2016,7.8,Drama,231777,47.70
568,Under sandet,2015,7.8,Drama,31724,0.44
569,Rogue One,2016,7.8,Action,526322,532.18
570,Captain America: Civil War,2016,7.8,Action,629590,408.08
571,The Hateful Eight,2015,7.8,Crime,485008,54.12
572,Loving Vincent,2017,7.8,Animation,45951,6.74
573,Pride,2014,7.8,Biography,49197,NA
574,Le passé,2013,7.8,Drama,43056,1.33
575,La grande bellezza,2013,7.8,Drama,76804,2.85
576,Dabba,2013,7.8,Drama,45184,4.23
577,Vicky Donor,2012,7.8,Comedy,37620,0.17
578,Big Hero 6,2014,7.8,Animation,393384,222.53
579,About Time,2013,7.8,Comedy,283178,15.32
580,English Vinglish,2012,7.8,Comedy,31890,1.67
581,The Broken Circle Breakdown,2012,7.8,Drama,37955,0.18
582,Kaze tachinu,2013,7.8,Animation,66522,5.21
583,Toy Story 4,2019,7.8,Animation,174989,434.04
584,La migliore offerta,2013,7.8,Crime,102428,0.09
585,Moonrise Kingdom,2012,7.8,Comedy,305396,45.51
586,How to Train Your Dragon 2,2014,7.8,Animation,293489,177.00
587,The Big Short,2015,7.8,Biography,337266,70.26
588,Kokuhaku,2010,7.8,Drama,33975,NA
589,Ang-ma-reul bo-at-da,2010,7.8,Action,102193,0.13
590,The Girl with the Dragon Tattoo,2011,7.8,Crime,404619,102.52
591,Captain Phillips,2013,7.8,Biography,404950,107.10
592,Ajeossi,2010,7.8,Action,59010,0.01
593,Madeo,2009,7.8,Crime,45235,0.55
594,The Hobbit: The Desolation of Smaug,2013,7.8,Adventure,584005,258.37
595,Das weiße Band - Eine deutsche Kindergeschichte,2009,7.8,Drama,65846,2.22
596,Män som hatar kvinnor,2009,7.8,Crime,203812,10.10
597,The Fighter,2010,7.8,Biography,328834,93.62
598,Taken,2008,7.8,Action,552292,145.00
599,The Boy in the Striped Pyjamas,2008,7.8,Drama,181703,9.03
600,Once,2007,7.8,Drama,107819,9.44
601,The Hobbit: An Unexpected Journey,2012,7.8,Adventure,738655,303.00
602,Auf der anderen Seite,2007,7.8,Drama,29807,0.74
603,Toki o kakeru shôjo,2006,7.8,Animation,56810,NA
604,Atonement,2007,7.8,Drama,238670,50.93
605,Drive,2011,7.8,Crime,548025,35.06
606,American Gangster,2007,7.8,Biography,379051,130.16
607,Avatar,2009,7.8,Action,1087574,760.51
608,Mr. Nobody,2009,7.8,Drama,207541,0.00
609,Apocalypto,2006,7.8,Action,280234,50.87
610,Little Miss Sunshine,2006,7.8,Comedy,425013,59.89
611,Hot Fuzz,2007,7.8,Action,445595,23.64
612,The Curious Case of Benjamin Button,2008,7.8,Drama,564385,127.51
613,Veer-Zaara,2004,7.8,Drama,46863,2.92
614,Adams æbler,2005,7.8,Comedy,43704,0.00
615,Pride & Prejudice,2005,7.8,Drama,241915,38.41
616,The World's Fastest Indian,2005,7.8,Biography,50495,5.13
617,Tôkyô goddofâzâzu,2003,7.8,Animation,28714,0.13
618,Serenity,2005,7.8,Action,277146,25.51
619,Crash,2004,7.8,Crime,410822,54.58
620,Walk the Line,2005,7.8,Biography,225796,119.52
621,Ondskan,2003,7.8,Drama,34656,0.02
622,The Notebook,2004,7.8,Drama,498119,81.00
623,Diarios de motocicleta,2004,7.8,Adventure,94083,16.76
624,Lilja 4-ever,2002,7.8,Crime,41201,0.18
625,Les triplettes de Belleville,2003,7.8,Animation,49357,7.00
626,The Count of Monte Cristo,2002,7.8,Action,124963,54.23
627,Waking Life,2001,7.8,Animation,59011,2.89
628,Remember the Titans,2000,7.8,Biography,190936,115.65
629,Wo hu cang long,2000,7.8,Action,246753,128.08
630,Todo sobre mi madre,1999,7.8,Drama,85193,8.26
631,Cast Away,2000,7.8,Adventure,499207,233.63
632,The Boondock Saints,1999,7.8,Action,222415,0.03
633,The Insider,1999,7.8,Biography,154737,28.97
634,October Sky,1999,7.8,Biography,78492,32.48
635,Shrek,2001,7.8,Animation,590677,267.67
636,Abre los ojos,1997,7.8,Drama,61809,0.37
637,Titanic,1997,7.8,Drama,1004829,659.33
638,Hana-bi,1997,7.8,Crime,26181,0.23
639,Gattaca,1997,7.8,Drama,271337,12.34
640,The Game,1997,7.8,Action,329932,48.32
641,Ed Wood,1994,7.8,Biography,161324,5.89
642,What's Eating Gilbert Grape,1993,7.8,Drama,206170,9.17
643,Tombstone,1993,7.8,Action,120277,56.51
644,The Sandlot,1993,7.8,Comedy,75263,32.42
645,The Remains of the Day,1993,7.8,Drama,61957,22.95
646,Naked,1993,7.8,Comedy,32267,1.77
647,The Fugitive,1993,7.8,Action,256467,183.88
648,A Bronx Tale,1993,7.8,Crime,122474,17.27
649,Batman: Mask of the Phantasm,1993,7.8,Animation,40736,5.62
650,Lat sau san taam,1992,7.8,Action,45108,NA
651,Night on Earth,1991,7.8,Comedy,52807,2.02
652,La double vie de Véronique,1991,7.8,Drama,39112,2.00
653,Misery,1990,7.8,Drama,174675,61.28
654,Miller's Crossing,1990,7.8,Crime,122049,5.08
655,Awakenings,1990,7.8,Biography,117890,52.10
656,Majo no takkyûbin,1989,7.8,Animation,111883,NA
657,Glory,1989,7.8,Biography,116502,26.83
658,Dip huet seung hung,1989,7.8,Action,44374,NA
659,Back to the Future Part II,1989,7.8,Adventure,454033,118.50
660,Mississippi Burning,1988,7.8,Crime,83153,34.60
661,Predator,1987,7.8,Action,358872,59.74
662,Evil Dead II,1987,7.8,Comedy,142311,5.92
663,Ferris Bueller's Day Off,1986,7.8,Comedy,305087,70.14
664,Down by Law,1986,7.8,Comedy,45830,1.44
665,Blue Velvet,1986,7.8,Drama,171942,8.55
666,The Goonies,1985,7.8,Adventure,230261,61.50
667,The Color Purple,1985,7.8,Drama,74569,98.47
668,The Killing Fields,1984,7.8,Biography,49515,34.70
669,Ghostbusters,1984,7.8,Action,341055,238.63
670,The Right Stuff,1983,7.8,Adventure,54181,21.50
671,The King of Comedy,1982,7.8,Comedy,80521,2.50
672,E.T. the Extra-Terrestrial,1982,7.8,Family,355034,435.11
673,Kramer vs. Kramer,1979,7.8,Drama,126069,106.26
674,Halloween,1978,7.8,Horror,218309,47.00
675,The Man Who Would Be King,1975,7.8,Adventure,42437,NA
676,The Conversation,1974,7.8,Drama,92438,4.42
677,The Day of the Jackal,1973,7.8,Crime,35782,16.06
678,Badlands,1973,7.8,Crime,62213,NA
679,Cabaret,1972,7.8,Drama,46142,42.77
680,Willy Wonka & the Chocolate Factory,1971,7.8,Family,169986,4.00
681,Midnight Cowboy,1969,7.8,Drama,96285,44.79
682,Wait Until Dark,1967,7.8,Thriller,26560,17.55
683,Guess Who's Coming to Dinner,1967,7.8,Comedy,37245,56.70
684,The Dirty Dozen,1967,7.8,Action,64466,45.30
685,Bonnie and Clyde,1967,7.8,Action,98428,NA
686,My Fair Lady,1964,7.8,Drama,83275,72.00
687,Mary Poppins,1964,7.8,Comedy,151406,102.27
688,The Longest Day,1962,7.8,Action,50667,39.10
689,Jules et Jim,1962,7.8,Drama,35491,NA
690,The Innocents,1961,7.8,Horror,25216,2.62
691,The Ten Commandments,1956,7.8,Adventure,61132,93.74
692,The Quiet Man,1952,7.8,Comedy,33235,10.55
693,Red River,1948,7.8,Action,26796,NA
694,Key Largo,1948,7.8,Action,35605,NA
695,To Have and Have Not,1944,7.8,Adventure,29552,NA
696,Shadow of a Doubt,1943,7.8,Thriller,56576,NA
697,Fantasia,1940,7.8,Animation,85232,76.41
698,The Lady Vanishes,1938,7.8,Mystery,44979,NA
699,The Bride of Frankenstein,1935,7.8,Drama,41293,4.36
700,Duck Soup,1933,7.8,Comedy,53940,NA
701,Frankenstein,1931,7.8,Drama,61953,NA
702,Once Upon a Time... in Hollywood,2019,7.7,Comedy,446400,142.50
703,Roma,2018,7.7,Drama,128400,NA
704,Deadpool 2,2018,7.7,Action,445482,324.59
705,Wind River,2017,7.7,Crime,187825,33.80
706,Get Out,2017,7.7,Horror,455234,176.04
707,Mission: Impossible - Fallout,2018,7.7,Action,269193,220.16
708,En man som heter Ove,2015,7.7,Comedy,43184,3.36
709,What We Do in the Shadows,2014,7.7,Comedy,142960,3.33
710,Omoide no Mânî,2014,7.7,Animation,27939,0.77
711,The Theory of Everything,2014,7.7,Biography,382182,35.89
712,Kingsman: The Secret Service,2014,7.7,Action,570248,128.26
713,The Fault in Our Stars,2014,7.7,Drama,330444,124.87
714,Me and Earl and the Dying Girl,2015,7.7,Comedy,118263,6.74
715,Birdman or (The Unexpected Virtue of Ignorance),2014,7.7,Comedy,553916,42.34
716,La vie d'Adèle,2013,7.7,Drama,131936,2.20
717,Captain America: The Winter Soldier,2014,7.7,Action,706159,259.77
718,Nebraska,2013,7.7,Adventure,109003,17.65
719,Wreck-It Ralph,2012,7.7,Animation,364948,189.42
720,Le Petit Prince,2015,7.7,Animation,53478,1.34
721,Detachment,2011,7.7,Drama,73075,0.07
722,Midnight in Paris,2011,7.7,Comedy,371693,56.82
723,A Star Is Born,2018,7.7,Drama,305319,215.29
724,The Lego Movie,2014,7.7,Animation,315530,257.76
725,Gravity,2013,7.7,Drama,743634,274.09
726,Star Trek Into Darkness,2013,7.7,Action,454781,228.78
727,Beasts of No Nation,2015,7.7,Drama,69140,0.08
728,The Social Network,2010,7.7,Biography,595921,96.96
729,X: First Class,2011,7.7,Action,629849,146.41
730,The Hangover,2009,7.7,Comedy,696012,277.32
731,Skyfall,2012,7.7,Action,613066,304.36
732,Silver Linings Playbook,2012,7.7,Comedy,642280,132.09
733,Argo,2012,7.7,Biography,555601,136.03
734,(500) Days of Summer,2009,7.7,Comedy,457422,32.39
735,Harry Potter and the Deathly Hallows: Part 1,2010,7.7,Adventure,452075,295.98
736,Gake no ue no Ponyo,2008,7.7,Animation,115087,15.09
737,Frost/Nixon,2008,7.7,Biography,99669,18.59
738,Papurika,2006,7.7,Animation,65928,0.88
739,Changeling,2008,7.7,Biography,229536,35.74
740,Flipped,2010,7.7,Comedy,78146,1.75
741,Death Note: Desu nôto,2006,7.7,Crime,27798,NA
742,This Is England,2006,7.7,Crime,112930,0.33
743,Ex Machina,2014,7.7,Drama,450873,25.44
744,Efter brylluppet,2006,7.7,Drama,30725,0.41
745,The Last King of Scotland,2006,7.7,Biography,170679,17.61
746,Zodiac,2007,7.7,Crime,427092,33.08
747,Lucky Number Slevin,2006,7.7,Crime,294296,22.49
748,Joyeux Noël,2005,7.7,Drama,26788,1.05
749,Control,2007,7.7,Biography,59761,0.87
750,Tangled,2010,7.7,Animation,388504,200.82
751,Zwartboek,2006,7.7,Drama,70460,4.40
752,Brokeback Mountain,2005,7.7,Drama,311981,83.04
753,3:10 to Yuma,2007,7.7,Action,279465,53.61
754,Kung fu,2004,7.7,Action,122130,17.11
755,The Bourne Supremacy,2004,7.7,Action,421266,176.24
756,The Machinist,2004,7.7,Drama,344550,1.08
757,Ray,2004,7.7,Biography,133480,75.33
758,Lost in Translation,2003,7.7,Drama,393803,44.59
759,Harry Potter and the Goblet of Fire,2005,7.7,Adventure,518208,290.01
760,Man on Fire,2004,7.7,Action,319049,77.91
761,Coraline,2009,7.7,Animation,186798,75.29
762,The Last Samurai,2003,7.7,Action,385205,111.11
763,The Magdalene Sisters,2002,7.7,Drama,25278,4.89
764,21 Grams,2003,7.7,Crime,218734,16.25
765,Finding Neverland,2004,7.7,Biography,194604,51.68
766,Good Bye Lenin!,2003,7.7,Comedy,133598,4.06
767,In America,2002,7.7,Drama,39699,15.54
768,I Am Sam,2001,7.7,Drama,139596,40.31
769,Adaptation.,2002,7.7,Comedy,170925,22.25
770,Black Hawk Down,2001,7.7,Drama,352953,108.64
771,Road to Perdition,2002,7.7,Crime,238152,104.45
772,Das Experiment,2001,7.7,Drama,89110,0.14
773,Billy Elliot,2000,7.7,Drama,121440,22.00
774,Hedwig and the Angry Inch,2001,7.7,Comedy,30896,3.03
775,Ocean's Eleven,2001,7.7,Crime,494725,183.42
776,Vampire Hunter D: Bloodlust,2000,7.7,Animation,28011,0.15
777,"O Brother, Where Art Thou?",2000,7.7,Adventure,274393,45.51
778,Interstate 60: Episodes of the Road,2002,7.7,Adventure,28787,NA
779,"South Park: Bigger, Longer & Uncut",1999,7.7,Animation,187914,52.01
780,Office Space,1999,7.7,Comedy,234549,10.82
781,Happiness,1998,7.7,Comedy,64462,2.81
782,Training Day,2001,7.7,Crime,373295,76.63
783,Rushmore,1998,7.7,Comedy,163119,17.11
784,Being John Malkovich,1999,7.7,Comedy,298288,22.86
785,As Good as It Gets,1997,7.7,Comedy,265362,148.48
786,The Fifth Element,1997,7.7,Action,418969,63.54
787,Le dîner de cons,1998,7.7,Comedy,35856,4.07
788,Donnie Brasco,1997,7.7,Biography,265896,41.91
789,Shine,1996,7.7,Biography,49904,35.81
790,Primal Fear,1996,7.7,Crime,174827,56.12
791,Hamlet,1996,7.7,Drama,35123,4.41
792,A Little Princess,1995,7.7,Drama,30869,10.02
793,Trois couleurs: Blanc,1994,7.7,Comedy,59599,1.46
794,Il postino,1994,7.7,Biography,32067,21.85
795,Clerks,1994,7.7,Comedy,207205,3.15
796,Short Cuts,1993,7.7,Comedy,40946,6.11
797,Philadelphia,1993,7.7,Drama,215443,77.32
798,The Muppet Christmas Carol,1992,7.7,Comedy,45873,27.28
799,Malcolm X,1992,7.7,Biography,79730,48.17
800,The Last of the Mohicans,1992,7.7,Action,142608,75.51
801,Kurenai no buta,1992,7.7,Animation,70272,NA
802,Glengarry Glen Ross,1992,7.7,Crime,92030,10.73
803,A Few Good Men,1992,7.7,Drama,224669,141.34
804,Fried Green Tomatoes,1991,7.7,Drama,64109,82.42
805,Boyz n the Hood,1991,7.7,Crime,118561,57.50
806,Barton Fink,1991,7.7,Comedy,108690,6.15
807,Who Framed Roger Rabbit,1988,7.7,Animation,175505,156.45
808,Spoorloos,1988,7.7,Mystery,31605,NA
809,Withnail & I,1987,7.7,Comedy,38352,1.54
810,The Last Emperor,1987,7.7,Biography,89629,43.98
811,Empire of the Sun,1987,7.7,Action,110713,22.24
812,Der Name der Rose,1986,7.7,Crime,97897,7.15
813,The Purple Rose of Cairo,1985,7.7,Comedy,45147,10.63
814,After Hours,1985,7.7,Comedy,54487,10.60
815,Zelig,1983,7.7,Comedy,38525,11.80
816,The Verdict,1982,7.7,Drama,34060,54.00
817,Star Trek II: The Wrath of Khan,1982,7.7,Action,109059,78.91
818,First Blood,1982,7.7,Action,217169,47.21
819,Ordinary People,1980,7.7,Drama,44593,54.80
820,Airplane!,1980,7.7,Comedy,201438,83.40
821,Le locataire,1976,7.7,Drama,37185,1.92
822,Love and Death,1975,7.7,Comedy,34497,NA
823,The Taking of Pelham One Two Three,1974,7.7,Action,25095,NA
824,Blazing Saddles,1974,7.7,Comedy,120901,119.50
825,Serpico,1973,7.7,Biography,103357,29.80
826,Enter the Dragon,1973,7.7,Action,92593,25.00
827,Deliverance,1972,7.7,Adventure,94915,NA
828,Giù la testa,1971,7.7,Drama,28232,NA
829,The French Connection,1971,7.7,Action,104745,15.63
830,Dirty Harry,1971,7.7,Action,137981,35.90
831,Where Eagles Dare,1968,7.7,Action,49629,NA
832,The Odd Couple,1968,7.7,Comedy,30307,44.53
833,Belle de jour,1967,7.7,Drama,37984,0.03
834,A Man for All Seasons,1966,7.7,Biography,29784,28.35
835,Repulsion,1965,7.7,Drama,46404,NA
836,Zulu,1964,7.7,Drama,34511,NA
837,Goldfinger,1964,7.7,Action,165992,51.08
838,The Birds,1963,7.7,Drama,163292,11.40
839,Breakfast at Tiffany's,1961,7.7,Comedy,159231,NA
840,Peeping Tom,1960,7.7,Drama,28869,0.08
841,The Magnificent Seven,1960,7.7,Action,84328,4.91
842,Les yeux sans visage,1960,7.7,Drama,25035,0.05
843,Invasion of the Body Snatchers,1956,7.7,Drama,42966,NA
844,Rebel Without a Cause,1955,7.7,Drama,79923,NA
845,The Ladykillers,1955,7.7,Comedy,25123,NA
846,Sabrina,1954,7.7,Comedy,56260,NA
847,The Day the Earth Stood Still,1951,7.7,Drama,74534,NA
848,The African Queen,1951,7.7,Adventure,69027,0.54
849,Gilda,1946,7.7,Drama,26353,NA
850,Lifeboat,1944,7.7,Drama,25340,NA
851,The 39 Steps,1935,7.7,Film-Noir,49186,NA
852,The Invisible Man,1933,7.7,Horror,28422,NA
853,The Farewell,2019,7.6,Comedy,36961,16.88
854,The Two Popes,2019,7.6,Comedy,88372,NA
855,The Lighthouse,2019,7.6,Drama,95712,0.43
856,Searching,2018,7.6,Drama,123193,26.02
857,Zimna wojna,2018,7.6,Drama,43029,4.57
858,Nelyubov,2017,7.6,Drama,26835,0.57
859,The Florida Project,2017,7.6,Drama,83878,5.90
860,The Favourite,2018,7.6,Biography,155228,34.37
861,Gifted,2017,7.6,Drama,91413,24.80
862,The Peanut Butter Falcon,2019,7.6,Adventure,39417,13.12
863,Victoria,2015,7.6,Crime,48729,NA
864,Mustang,2015,7.6,Drama,33500,0.85
865,Guardians of the Galaxy Vol. 2,2017,7.6,Action,534565,389.81
866,Baby Driver,2017,7.6,Action,406774,107.83
867,Only the Brave,2017,7.6,Action,52563,18.34
868,Bridge of Spies,2015,7.6,Drama,275694,72.31
869,Incredibles 2,2018,7.6,Animation,231188,608.58
870,Moana,2016,7.6,Animation,249772,248.76
871,Sicario,2015,7.6,Action,351018,46.89
872,Creed,2015,7.6,Drama,237573,109.77
873,Leviafan,2014,7.6,Crime,46511,1.09
874,Hell or High Water,2016,7.6,Action,191894,26.86
875,Philomena,2013,7.6,Biography,91450,37.71
876,Dawn of the Planet of the Apes,2014,7.6,Action,402033,208.55
877,El cuerpo,2012,7.6,Mystery,51436,NA
878,Serbuan maut,2011,7.6,Action,183423,4.11
879,End of Watch,2012,7.6,Action,220576,41.00
880,Lo imposible,2012,7.6,Drama,188449,19.02
881,Kari-gurashi no Arietti,2010,7.6,Animation,74194,19.20
882,127 Hours,2010,7.6,Biography,337125,18.34
883,True Grit,2010,7.6,Drama,297897,171.24
884,Hævnen,2010,7.6,Drama,37502,1.01
885,Despicable Me,2010,7.6,Animation,483992,251.51
886,Rise of the Planet of the Apes,2011,7.6,Action,485559,176.76
887,50/50,2011,7.6,Comedy,308711,35.01
888,Kick-Ass,2010,7.6,Action,512743,48.07
889,Celda 211,2009,7.6,Action,61844,NA
890,Moneyball,2011,7.6,Biography,345203,75.61
891,La piel que habito,2011,7.6,Drama,131475,3.19
892,Zombieland,2009,7.6,Adventure,502010,75.59
893,Boy A,2007,7.6,Drama,36205,0.11
894,Die Welle,2008,7.6,Drama,99006,NA
895,Sherlock Holmes,2009,7.6,Action,566829,209.03
896,Byôsoku 5 senchimêtoru,2007,7.6,Animation,47554,NA
897,The Reader,2008,7.6,Drama,224528,34.19
898,The Hurt Locker,2008,7.6,Drama,408021,17.02
899,The Blind Side,2009,7.6,Biography,280122,255.96
900,The Visitor,2007,7.6,Drama,40836,9.42
901,Superbad,2007,7.6,Comedy,503766,121.46
902,Seven Pounds,2008,7.6,Drama,278770,69.95
903,Eastern Promises,2007,7.6,Action,220934,17.11
904,Stardust,2007,7.6,Adventure,246382,38.63
905,The Secret of Kells,2009,7.6,Animation,29769,0.69
906,Inside Man,2006,7.6,Crime,324886,88.51
907,Gone Baby Gone,2007,7.6,Crime,242107,20.30
908,Chinjeolhan geumjassi,2005,7.6,Crime,68450,0.21
909,La Vie En Rose,2007,7.6,Biography,80167,10.30
910,Huo Yuan Jia,2006,7.6,Action,71359,24.63
911,The Illusionist,2006,7.6,Drama,346455,39.87
912,Volver,2006,7.6,Comedy,91597,12.90
913,Thank You for Smoking,2005,7.6,Comedy,209622,24.79
914,Dead Man's Shoes,2004,7.6,Crime,47874,0.01
915,Harry Potter and the Half-Blood Prince,2009,7.6,Action,446489,301.96
916,300,2006,7.6,Action,714263,210.61
917,Match Point,2005,7.6,Drama,199442,23.09
918,Watchmen,2009,7.6,Action,483112,107.51
919,Lord of War,2005,7.6,Action,286353,24.15
920,Saw,2004,7.6,Horror,366465,56.00
921,"Synecdoche, New York",2008,7.6,Comedy,77246,3.08
922,Mysterious Skin,2004,7.6,Drama,64125,0.70
923,Jeux d'enfants,2003,7.6,Comedy,65554,0.55
924,Un long dimanche de fiançailles,2004,7.6,Drama,69576,6.17
925,The Station Agent,2003,7.6,Comedy,65826,5.74
926,Love Actually,2003,7.6,Comedy,410685,59.70
927,Boksuneun naui geot,2002,7.6,Action,59543,0.05
928,25th Hour,2002,7.6,Drama,165953,13.06
929,The Life of David Gale,2003,7.6,Crime,105142,19.59
930,The Butterfly Effect,2004,7.6,Drama,437720,57.94
931,28 Days Later...,2002,7.6,Drama,363464,45.06
932,Batoru rowaiaru,2000,7.6,Adventure,164032,NA
933,The Royal Tenenbaums,2001,7.6,Comedy,256375,52.36
934,Y tu mamá también,2001,7.6,Drama,111476,13.62
935,Harry Potter and the Sorcerer's Stone,2001,7.6,Adventure,606861,317.58
936,The Others,2001,7.6,Horror,325474,96.52
937,Blow,2001,7.6,Biography,232835,52.99
938,Enemy at the Gates,2001,7.6,Drama,234272,51.40
939,Traffic,2000,7.6,Crime,190831,124.12
940,Minority Report,2002,7.6,Action,489680,132.07
941,The Hurricane,1999,7.6,Biography,88909,50.67
942,American Psycho,2000,7.6,Comedy,460671,15.07
943,Lola rennt,1998,7.6,Crime,183719,7.27
944,The Thin Red Line,1998,7.6,Drama,166556,36.40
945,Mulan,1998,7.6,Animation,238609,120.62
946,Fear and Loathing in Las Vegas,1998,7.6,Adventure,250787,10.68
947,Funny Games,1997,7.6,Crime,60656,NA
948,Dark City,1998,7.6,Mystery,182492,14.38
949,Sleepers,1996,7.6,Crime,181250,49.10
950,Lost Highway,1997,7.6,Mystery,124721,3.80
951,Sense and Sensibility,1995,7.6,Drama,97385,43.18
952,Die Hard: With a Vengeance,1995,7.6,Action,352666,100.01
953,Dead Man,1995,7.6,Adventure,87131,1.04
954,The Bridges of Madison County,1995,7.6,Drama,69218,71.52
955,Apollo 13,1995,7.6,Adventure,257173,173.84
956,Interview with the Vampire: The Vampire Chronicles,1994,7.6,Drama,284962,105.26
957,The Crow,1994,7.6,Action,161092,50.69
958,Gettysburg,1993,7.6,Drama,25265,10.77
959,Falling Down,1993,7.6,Crime,162843,40.90
960,Dazed and Confused,1993,7.6,Comedy,156789,7.99
961,My Cousin Vinny,1992,7.6,Comedy,101464,52.93
962,Delicatessen,1991,7.6,Comedy,77984,1.79
963,The Hunt for Red October,1990,7.6,Action,171503,122.01
964,Home Alone,1990,7.6,Comedy,444495,285.76
965,The Godfather: Part III,1990,7.6,Crime,342305,66.67
966,When Harry Met Sally...,1989,7.6,Comedy,186452,92.82
967,National Lampoon's Christmas Vacation,1989,7.6,Comedy,146973,71.32
968,The Little Mermaid,1989,7.6,Animation,227029,111.54
969,The Naked Gun: From the Files of Police Squad!,1988,7.6,Comedy,144188,78.76
970,Dangerous Liaisons,1988,7.6,Drama,62157,34.70
971,"Planes, Trains & Automobiles",1987,7.6,Comedy,116990,49.53
972,Lethal Weapon,1987,7.6,Action,228752,65.21
973,Indiana Jones and the Temple of Doom,1984,7.6,Action,428651,179.87
974,Blood Simple,1984,7.6,Crime,83322,2.15
975,The Secret of NIMH,1982,7.6,Animation,34809,10.14
976,On Golden Pond,1981,7.6,Drama,26454,119.29
977,Mad Max 2,1981,7.6,Action,160728,12.47
978,The Warriors,1979,7.6,Action,89748,22.49
979,The Muppet Movie,1979,7.6,Adventure,31117,76.66
980,Escape from Alcatraz,1979,7.6,Biography,112026,43.00
981,Watership Down,1978,7.6,Animation,32409,NA
982,Midnight Express,1978,7.6,Biography,69861,35.00
983,Close Encounters of the Third Kind,1977,7.6,Drama,176111,132.09
984,Profondo rosso,1975,7.6,Horror,29715,NA
985,Robin Hood,1973,7.6,Animation,110341,32.06
986,And Now for Something Completely Different,1971,7.6,Comedy,28072,NA
987,Kelly's Heroes,1970,7.6,Adventure,43400,1.38
988,The Jungle Book,1967,7.6,Animation,159290,141.84
989,Blowup,1966,7.6,Drama,53572,NA
990,Pierrot le Fou,1965,7.6,Crime,27273,NA
991,A Hard Day's Night,1964,7.6,Comedy,38489,13.78
992,Le mépris,1963,7.6,Drama,26685,0.04
993,Lolita,1962,7.6,Crime,88258,9.25
994,Giant,1956,7.6,Drama,32582,35.00
995,Shane,1953,7.6,Drama,35352,20.00
996,From Here to Eternity,1953,7.6,Drama,41270,30.50
997,Snow White and the Seven Dwarfs,1937,7.6,Animation,173786,184.93
998,Gangs of New York,2002,7.5,Crime,389848,77.81
999,The Fly,1986,7.5,Drama,152322,40.46
